<?xml version="1.0"?>
<!-- This file is brought to you courtesy of Henry Forte atouk@atouk.com                        -->
<!--++++++++++++++++++++++++++++++++++++++++++++++++++++++++++++++++++++++++++++++++++++++++++++-->
<!--                                                                                            -->
<!--  Each RangeEntry for a band must be the first line of a group, and may be the only one.    -->
<!--                                                                                            -->
<!--  If desired, each band can be broken down into individual areas with distinct coloring     -->
<!--  or operating modes.  The mode entry used in the RangeEntry section will be the default    -->
<!--  mode unless a subrange overrides it.  This rule applies to band color, also.              -->
<!--                                                                                            -->
<!--  Color can be defined as YRGB, where Y=transparency, R=Red, G=Green, B=Blue in 2 digit     -->
<!--  hexadecimal values, or as a colorname http://www.w3schools.com/colors/colors_names.asp    -->
<!--  Using a colorname forces Y to be FF.  Colornames are not case sensitive.                  -->
<!--                                                                                            -->
<!--  Step will set the Step Size in the Radio section to the desired value for each band       -->     
<!--  so that Snap to Grid works properly.  This is an optional value.                          -->
<!--                                                                                            -->
<!--  Mode can be preset to WFM, NFM, AM, USB, LSB, CW or AM.                                   -->
<!--  The Mode in the Radio section of SDR# will automatically change to the selected one in    -->
<!--  either the RangeEntry, or subrange entry.    This allows dividing allocation bands into   -->
<!--  designated modes of operation.  Some bands with multiple allocations of operating modes   -->
<!--  make preselecting the proper mode impractical. (http://www.arrl.org/band-plan e.g. 6m).   -->
<!--                                                                                            -->
<!--       NOTE: Operating mode may not change to the one preselected in Free Tuning, until an  -->
<!--       operation that causes the Frequency Display to change readout.  To override the      -->
<!--       default operating mode, uncheck "Auto update radio settings" in the Band Plan panel. -->
<!--                                                                                            -->
<!--  Band Range labels are optional.  Comments must be single line only.                       -->
<!--  Some special characters will break XML parsing, so only alphanumeric are recommended.     -->
<!--  RangeEntry definitions do not have to be in order of frequency (see Air Band below).      -->
<!--  Any formatting or character errors will simply stop the Band Plan plugin from loading     -->
<!--  and are non fatal to SDR#.                                                                -->
<!--  The order of variables in each RangeEntry is optional.                                    -->
<!--                                                                                            -->
<!--++++++++++++++++++++++++++++++++++++++++++++++++++++++++++++++++++++++++++++++++++++++++++++-->
<ArrayOfRangeEntry xmlns:xsi="http://www.w3.org/2001/XMLSchema-instance" xmlns:xsd="http://www.w3.org/2001/XMLSchema">
	<RangeEntry minFrequency="150000" maxFrequency="280000" color="900000FF" mode="AM" step="1000">Longwave Broadcast</RangeEntry>
	<RangeEntry minFrequency="530000" maxFrequency="1700000" color="900000FF" mode="AM" step="1000">Mediumwave Broadcast</RangeEntry>
	<RangeEntry minFrequency="1800000" maxFrequency="2000000" color="90008000" mode="LSB" step="10">160m Ham Band</RangeEntry>
	<RangeEntry minFrequency="2300000" maxFrequency="2500000" color="900000FF" mode="AM" step="5000">Shortwave Broadcast 120m</RangeEntry>
	<RangeEntry minFrequency="3200000" maxFrequency="3400000" color="900000FF" mode="AM" step="5000">Shortwave Broadcast 90m</RangeEntry>
	<RangeEntry minFrequency="3500000" maxFrequency="3800000" color="90008000" mode="LSB" step="10">80m Ham Band</RangeEntry>
	<RangeEntry minFrequency="3900000" maxFrequency="4050000" color="900000FF" mode="AM" step="5000">Shortwave Broadcast 75m</RangeEntry>
	<RangeEntry minFrequency="4700000" maxFrequency="5100000" color="900000FF" mode="AM" step="5000">Shortwave Broadcast 60m</RangeEntry>
	<RangeEntry minFrequency="5258000" maxFrequency="5407000" color="90008000" mode="USB" step="10">60m Ham Band</RangeEntry>
	<RangeEntry minFrequency="5800000" maxFrequency="6300000" color="900000FF" mode="AM" step="5000">Shortwave Broadcast 49m</RangeEntry>
	<RangeEntry minFrequency="7000000" maxFrequency="7200000" color="90008000" mode="LSB" step="10">40m Ham Band</RangeEntry>
	<RangeEntry minFrequency="7200000" maxFrequency="7600000" color="900000FF" mode="AM" step="5000">Shortwave Broadcast 41m</RangeEntry>
	<RangeEntry minFrequency="9300000" maxFrequency="9995000" color="900000FF" mode="AM" step="5000">Shortwave Broadcast 31m</RangeEntry>
	<RangeEntry minFrequency="10100000" maxFrequency="10150000" color="90008000" mode="USB" step="10">30m Ham Band</RangeEntry>
	<RangeEntry minFrequency="11500000" maxFrequency="12200000" color="900000FF" mode="AM" step="5000">Shortwave Broadcast 25m</RangeEntry>
	<RangeEntry minFrequency="13500000" maxFrequency="13900000" color="900000FF" mode="AM" step="5000">Shortwave Broadcast 22m</RangeEntry>
	<RangeEntry minFrequency="14000000" maxFrequency="14350000" color="90008000" mode="USB" step="10">20m Ham Band</RangeEntry>
	<RangeEntry minFrequency="15000000" maxFrequency="16000000" color="900000FF" mode="AM" step="5000">Shortwave Broadcast 19m</RangeEntry>
	<RangeEntry minFrequency="17400000" maxFrequency="17995000" color="900000FF" mode="AM" step="5000">Shortwave Broadcast 16m</RangeEntry>
	<RangeEntry minFrequency="18068000" maxFrequency="18168000" color="90008000" mode="USB" step="10">17m Ham Band</RangeEntry>
	<RangeEntry minFrequency="18800000" maxFrequency="19100000" color="900000FF" mode="AM" step="5000">Shortwave Broadcast 15m</RangeEntry>
	<RangeEntry minFrequency="21000000" maxFrequency="21450000" color="90008000" mode="USB" step="10">15m Ham Band</RangeEntry>
	<RangeEntry minFrequency="21450000" maxFrequency="21995000" color="900000FF" mode="AM" step="5000">Shortwave Broadcast 13m</RangeEntry>
	<RangeEntry minFrequency="24890000" maxFrequency="24990000" color="90008000" mode="USB" step="10">12m Ham Band</RangeEntry>
	<RangeEntry minFrequency="25500000" maxFrequency="26200000" color="900000FF" mode="AM" step="5000">Shortwave Broadcast 11m</RangeEntry>
	<RangeEntry minFrequency="26960000" maxFrequency="27410000" color="90FFA500" mode="AM" step="5000">Citizens Band</RangeEntry>
	<RangeEntry minFrequency="27410000" maxFrequency="28000000" color="90FF0000" mode="USB" step="10">10m Citizens Band</RangeEntry>
	<RangeEntry minFrequency="28000000" maxFrequency="29750000" color="90008000" mode="USB" step="10">10m Ham Band</RangeEntry>
	<RangeEntry minFrequency="50000000" maxFrequency="54000000" color="90008000" mode="USB" step="10">6m Ham Band</RangeEntry>
	<RangeEntry minFrequency="70000000" maxFrequency="70500000" color="90008000" mode="USB" step="10">4m Ham Band</RangeEntry>
	<RangeEntry minFrequency="87500000" maxFrequency="108000000" color="90FF0000" mode="WFM" step="100000">FM Broadcast</RangeEntry>
	<RangeEntry minFrequency="108000000" maxFrequency="118000000" color="900000FF" mode="AM" step="5000">Aircraft Band VOR/ILS</RangeEntry>
	<RangeEntry minFrequency="118000000" maxFrequency="137000000" color="900000FF" mode="AM" step="5000">Aircraft Band Voice</RangeEntry>
	<RangeEntry minFrequency="144000000" maxFrequency="148000000" color="90008000" mode="NFM" step="12500">2m Ham Band</RangeEntry>
	<RangeEntry minFrequency="155750000" maxFrequency="162950000" color="900000FF" mode="NFM" step="12500">Marine Band</RangeEntry>
	<RangeEntry minFrequency="174000000" maxFrequency="222000000" color="90FF0000" mode="WFM" step="100000">DAB Broadcast</RangeEntry>
	<RangeEntry minFrequency="222000000" maxFrequency="225000000" color="90008000" mode="NFM" step="12500">1.25m Ham Band</RangeEntry>
	<RangeEntry minFrequency="225000000" maxFrequency="240000000" color="90FF0000" mode="WFM" step="100000">DAB Broadcast</RangeEntry>
	<RangeEntry minFrequency="240000000" maxFrequency="270000000" color="90000080" mode="NFM" step="12500">Military Satellite Band</RangeEntry>
	<RangeEntry minFrequency="270000000" maxFrequency="380000000" color="900000FF" mode="NFM" step="12500">Military Aircraft Band</RangeEntry>
	<RangeEntry minFrequency="430000000" maxFrequency="440000000" color="90008000" mode="NFM" step="12500">70cm Ham Band</RangeEntry>
	<RangeEntry minFrequency="446000000" maxFrequency="446200000" color="90FFA500" mode="NFM" step="6250">PMR446</RangeEntry>
	<RangeEntry minFrequency="1240000000" maxFrequency="1325000000" color="90008000" mode="NFM" step="12500">23cm Ham Band</RangeEntry>
	<RangeEntry minFrequency="2300000000" maxFrequency="2450000000" color="90008000" mode="NFM" step="12500">13cm Ham Band</RangeEntry>
</ArrayOfRangeEntry>